ActuatorSpeeds																																			
version=1																																			
nRows=82																																			
nColumns=36																																			
inDegrees=no																																			
																																			
"This file contains either the forces, speeds, or powers developed"																																			
by the actuators of a model during a simulation.																																			
																																			
"An actuator force is a generalized force, meaning that it can be either a force (N) or a torque (Nm)."																																			
																																			
"An actuator speed is the rate at which an actuator shortens. Depending on the actuator,"																																			
a speed can be either a translational speed (m/s) or an angular speed (deg/s or rad/s).																																			
																																			
An actuator power (Watts) is the rate at which an actuator does work.  Positive power means																																			
that the actuator is delivering energy to the model; negative power means that the actuator																																			
is absorbing energy from the model.																																			
																																			
"Units are S.I. units (second, meters, Newtons, ...)"																																			
Angles are in degrees.																																			
																																			
endheader																																			
time	glut_med2_r	add_mag2_r	glut_max2_r	iliacus_r	rect_fem_r	vas_int_r	med_gas_r	tib_ant_r	FX	FY	FZ	MX	MY	MZ	hip_flexion_r_reserve	hip_adduction_r_reserve	hip_rotation_r_reserve	knee_angle_r_reserve	ankle_angle_r_reserve	subtalar_angle_r_reserve	mtp_angle_r_reserve	hip_flexion_l_reserve	hip_adduction_l_reserve	hip_rotation_l_reserve	knee_angle_l_reserve	ankle_angle_l_reserve	subtalar_angle_l_reserve	mtp_angle_l_reserve	lumbar_extension_reserve	lumbar_bending_reserve	lumbar_rotation_reserve				
0.73	0.013000237	-0.063306813	-0.026522399	0.041533996	0.153008607	0.086827972	-0.033010912	-0.028960421	0.290420787	0.290420787	0.290420787	-0.472939021	0.095852407	0.15720365	-0.647346855	0.538904693	-0.179267306	-1.862419152	0.504913648	-0.001701998	0.009872665	1.532257212	-0.720199674	-0.770086874	-5.73881748	-2.639784714	0.009899451	-0.00862018	0.070094303	0.903502262	0.233067301	0	-2.31584E+77	-2.31584E+77	28.92942103
0.731043096	0.010592918	-0.063668878	-0.028459392	0.044042988	0.154183072	0.084784027	-0.029358548	-0.029404846	0.289938258	0.289938258	0.289938258	-0.457043056	0.08857387	0.173418484	-0.685901921	0.521026784	-0.170096632	-1.818594995	0.56980468	0.249863142	-0.071538485	1.536556841	-0.708558061	-0.789366042	-5.786155212	-1.892579957	0.222567924	-2.792989336	0.049707454	0.881892823	0.235683365	0	-2.31584E+77	-2.31584E+77	28.92942103
0.740000269	0.002950074	-0.071415717	-0.03920827	0.057974208	0.154138035	0.067465453	-0.005365479	-0.034115304	0.285852993	0.285852993	0.285852993	-0.438836121	0.047505149	0.217817795	-0.899230636	0.507819269	-0.163297298	-1.447094367	0.899441892	1.358873099	-0.397341842	1.709954959	-0.753587935	-0.991192061	-6.146615957	1.187532877	1.210259687	-14.38793783	-0.014903324	0.821892136	0.28687266	0	-2.31584E+77	-2.31584E+77	28.92942103
0.745560951	-0.004467171	-0.077052761	-0.049779075	0.071145467	0.158539822	0.055836366	0.011783106	-0.042786919	0.283524671	0.283524671	0.283524671	-0.404406492	0.050111705	0.290658828	-1.093247882	0.474410586	-0.181171265	-1.197482851	1.103148444	1.616402707	-0.598841278	1.751036151	-0.772456919	-1.076365131	-6.314273714	3.577233977	1.997412295	-23.80356779	-0.107278544	0.767660048	0.286096402	0	-2.31584E+77	-2.31584E+77	28.92942103
0.751018838	-0.004035418	-0.085118597	-0.055029626	0.077694769	0.158005632	0.047055936	0.028062205	-0.056302633	0.28163034	0.28163034	0.28163034	-0.440638271	0.022498607	0.308674863	-1.195855171	0.534485518	-0.204591329	-1.008992843	1.300424175	1.464204453	-1.008145109	1.848818214	-0.866631531	-1.214019803	-6.418470413	4.694446186	2.324866509	-28.54339062	-0.136722323	0.774290395	0.342345971	0	-2.31584E+77	-2.31584E+77	28.92942103
0.760000738	-0.003601739	-0.099142372	-0.062282047	0.086784848	0.158571347	0.034593554	0.045364366	-0.072077481	0.27943168	0.27943168	0.27943168	-0.497410897	-0.063940157	0.356557664	-1.357293566	0.654324855	-0.185532933	-0.741543984	1.446053539	0.888945886	-1.169674197	1.948344923	-1.019322968	-1.460147579	-6.465452936	6.557516504	2.611657145	-36.6763251	-0.210922148	0.764934591	0.475736908	0	-2.31584E+77	-2.31584E+77	28.92942103
0.768602228	0.001390517	-0.100754271	-0.055526034	0.077995757	0.143810488	0.028867718	0.040113858	-0.067508762	0.273678264	0.273678264	0.273678264	-0.520225327	-0.199986198	0.238512295	-1.262427157	0.747457045	-0.07864309	-0.618631158	1.224044159	0.225195763	-0.182581954	2.180075102	-1.099913866	-1.700343705	-6.381538335	8.628710605	2.326923446	-45.67313241	-0.104714654	0.69275413	0.639355959	0	-2.31584E+77	-2.31584E+77	28.92942103
0.773629695	0.006900099	-0.100509323	-0.048138216	0.068848602	0.130928417	0.026347184	0.037479644	-0.065075081	0.270732686	0.270732686	0.270732686	-0.546161468	-0.285816756	0.125623725	-1.148534161	0.818731739	-0.004667131	-0.564529961	1.119726008	-0.067614098	0.166265995	2.352608285	-1.155363709	-1.83423957	-6.287049756	9.418177975	1.979707915	-48.53457579	0.007144989	0.658113124	0.745145293	0	-2.31584E+77	-2.31584E+77	28.92942103
0.780048706	0.010876982	-0.105782513	-0.048157085	0.068414758	0.122271513	0.018101608	0.041173245	-0.066722637	0.270177033	0.270177033	0.270177033	-0.586349958	-0.315778854	0.073604147	-1.153401595	0.899224175	0.005444079	-0.387788748	1.05734073	-0.498175262	0.286697626	2.481256053	-1.249600341	-1.905327165	-6.156175497	9.108610045	1.666402361	-46.43170447	0.051351726	0.653224773	0.810692008	0	-2.31584E+77	-2.31584E+77	28.92942103
0.790000728	0.013405016	-0.114333901	-0.051544694	0.071652037	0.113191901	0.004458737	0.053481055	-0.071719723	0.271952858	0.271952858	0.271952858	-0.625676753	-0.338148022	0.040708073	-1.221609749	0.995280171	0.032667104	-0.095504659	1.117249406	-0.624926622	-0.238658244	2.598042037	-1.360797947	-1.943416675	-5.895391794	8.101200634	1.330203921	-39.77959887	0.067942921	0.629185369	0.881930342	0	-2.31584E+77	-2.31584E+77	28.92942103
0.798619486	0.009338747	-0.124911061	-0.064131153	0.085176597	0.119109697	-0.007202353	0.053758367	-0.062368275	0.276489422	0.276489422	0.276489422	-0.633271877	-0.311575557	0.149981825	-1.435546437	1.036347128	0.019573973	0.154274855	0.970034412	-0.549806453	-0.001772404	2.517297727	-1.417811104	-1.866113965	-5.5888362	6.524107376	1.188095702	-31.77613793	-0.071474717	0.60343243	0.894297486	0	-2.31584E+77	-2.31584E+77	28.92942103
0.804443557	0.003115015	-0.133628321	-0.077412006	0.099435223	0.131173034	-0.014011068	0.057465246	-0.060465112	0.280630954	0.280630954	0.280630954	-0.623400458	-0.281419547	0.299527468	-1.658949503	1.04451363	0.005471013	0.300140995	0.962325948	-0.431108187	-0.166182569	2.354044953	-1.429772861	-1.769319095	-5.31707115	5.477292359	1.16885683	-26.57051135	-0.250051104	0.579451286	0.887518925	0	-2.31584E+77	-2.31584E+77	28.92942103
0.810080851	0.00035889	-0.133953117	-0.082290217	0.103089511	0.131868968	-0.01791391	0.057254422	-0.057399687	0.282514282	0.282514282	0.282514282	-0.593374394	-0.256760344	0.323852366	-1.717694146	1.02471715	0.001009148	0.383788701	0.903599306	-0.455751558	-0.139646743	2.330459509	-1.402018596	-1.674264649	-5.051716717	4.628947654	1.044350323	-22.06196467	-0.287329508	0.52866081	0.871711236	0	-2.31584E+77	-2.31584E+77	28.92942103
0.819974871	-0.006862604	-0.135907098	-0.09202655	0.111059311	0.13734969	-0.024110087	0.052763608	-0.048250962	0.286564144	0.286564144	0.286564144	-0.534300206	-0.242946268	0.416545655	-1.863103921	0.993082582	0.048006506	0.516661673	0.716862301	-0.579902463	0.114628691	2.178508433	-1.322346402	-1.503104861	-4.460936821	3.869975957	0.837686635	-14.76297261	-0.408767255	0.43183972	0.866815099	0	-2.31584E+77	-2.31584E+77	28.92942103
0.823781936	-0.01056025	-0.136044095	-0.094970897	0.113466717	0.139770032	-0.026031575	0.054420054	-0.048500895	0.287791707	0.287791707	0.287791707	-0.503141777	-0.252918671	0.455856839	-1.917714098	0.975143108	0.09951366	0.55789489	0.726601256	-0.554713656	-0.097296031	2.101222146	-1.272097659	-1.438685394	-4.207652819	3.708319107	0.758662122	-12.28827988	-0.460122838	0.383493616	0.874525174	0	-2.31584E+77	-2.31584E+77	28.92942103
0.830025049	-0.013072465	-0.130125757	-0.094315344	0.110544523	0.13301386	-0.029156968	0.053670101	-0.045664023	0.287893111	0.287893111	0.287893111	-0.442673139	-0.247899593	0.409352988	-1.884580325	0.920568493	0.13880529	0.624985057	0.662701219	-0.61923635	-0.138989303	2.120668978	-1.169256232	-1.31241428	-3.846268454	3.147306515	0.563690178	-8.638840765	-0.417126655	0.298476633	0.856981829	0	-2.31584E+77	-2.31584E+77	28.92942103
0.84	-0.019387445	-0.119761256	-0.0940797	0.107305469	0.123323087	-0.034977303	0.05108143	-0.037815151	0.286582781	0.286582781	0.286582781	-0.329175883	-0.233028844	0.351746399	-1.855247348	0.806544346	0.211925108	0.749953968	0.528783692	-0.601810455	-0.067695644	2.126282884	-0.958407763	-1.073537184	-3.270635263	2.056725944	0.252484487	-4.259819304	-0.366893912	0.156236455	0.811917457	0	-2.31584E+77	-2.31584E+77	28.92942103
0.846117296	-0.02408568	-0.1118191	-0.093500506	0.105052719	0.117033545	-0.038332081	0.050828807	-0.034355443	0.284161877	0.284161877	0.284161877	-0.248801283	-0.212359246	0.310370241	-1.830624743	0.715737649	0.253659348	0.822015551	0.481191371	-0.541933114	-0.103147243	2.134673786	-0.800214059	-0.903685238	-2.916426615	1.500731702	0.088818313	-2.058523639	-0.329130924	0.066612091	0.765659115	0	-2.31584E+77	-2.31584E+77	28.92942103
0.8508271	-0.026632762	-0.105524545	-0.092597321	0.102717188	0.110766876	-0.041059998	0.050229784	-0.031360506	0.281793948	0.281793948	0.281793948	-0.192512469	-0.195337845	0.263106736	-1.796764436	0.64978978	0.264502548	0.880609653	0.431295569	-0.529584789	-0.075729515	2.15850703	-0.681444866	-0.776149264	-2.647559826	1.138969289	-0.015429397	-0.348452637	-0.281119926	0.004436602	0.729408918	0	-2.31584E+77	-2.31584E+77	28.92942103
0.860007062	-0.032600878	-0.093267653	-0.091890228	0.09945222	0.10074509	-0.045784798	0.049051783	-0.026048682	0.275320133	0.275320133	0.275320133	-0.080038192	-0.153782776	0.187730931	-1.74793583	0.510894399	0.273525779	0.982084491	0.341107399	-0.514845754	0.016973392	2.18475099	-0.432746719	-0.514768128	-2.125196743	0.563939533	-0.179801027	2.504913193	-0.206660722	-0.110315411	0.646570228	0	-2.31584E+77	-2.31584E+77	28.92942103
0.87	-0.038370735	-0.081188665	-0.092618822	0.097218912	0.091204004	-0.050673192	0.048032417	-0.021449932	0.265712772	0.265712772	0.265712772	0.023943567	-0.088750627	0.113180532	-1.706099897	0.37016923	0.237645216	1.086941497	0.244182344	-0.584298339	0.170244939	2.213641262	-0.170752767	-0.216654431	-1.584488363	-0.000767343	-0.321490513	4.944093018	-0.132837308	-0.201821887	0.539129865	0	-2.31584E+77	-2.31584E+77	28.92942103
0.876094149	-0.03970617	-0.073671333	-0.09054418	0.093424695	0.083136207	-0.052608739	0.047841351	-0.020312848	0.258134296	0.258134296	0.258134296	0.068876111	-0.042816723	0.037833762	-1.640637705	0.301255823	0.21328673	1.128427378	0.204997491	-0.66664273	0.207995024	2.274619526	-0.029650656	-0.034747045	-1.283742685	-0.307006144	-0.387112835	6.115626463	-0.054053546	-0.233027331	0.469026848	0	-2.31584E+77	-2.31584E+77	28.92942103
0.882197928	-0.041772756	-0.066717144	-0.087964109	0.089751067	0.076892717	-0.053767983	0.048513544	-0.01954542	0.250304159	0.250304159	0.250304159	0.116952997	-0.030577781	-0.020967287	-1.586415537	0.235542185	0.225869118	1.153329642	0.20992169	-0.583214527	0.134969072	2.306321078	0.108346869	0.103682443	-0.976564754	-0.593034528	-0.440736003	7.200213084	0.005497345	-0.277578425	0.428795197	0	-2.31584E+77	-2.31584E+77	28.92942103
0.890059621	-0.045207013	-0.058490885	-0.085308589	0.08605354	0.071176219	-0.054717806	0.049073401	-0.017385829	0.239735051	0.239735051	0.239735051	0.178094728	-0.030546426	-0.074989223	-1.536234496	0.15141153	0.253490386	1.1738365	0.233798249	-0.311474402	0.048434877	2.318496379	0.27764632	0.252197566	-0.584354376	-0.936717397	-0.498024475	8.367463119	0.057235267	-0.336923713	0.389919964	0	-2.31584E+77	-2.31584E+77	28.92942103
0.900001421	-0.049747672	-0.048440138	-0.082649468	0.08217665	0.066162586	-0.054698414	0.051594188	-0.015595561	0.225777731	0.225777731	0.225777731	0.247843665	-0.042763702	-0.126886576	-1.482116373	0.044047606	0.274914498	1.173671796	0.348480495	0.325845055	-0.235808603	2.315042242	0.465843802	0.396113593	-0.105399373	-1.334694224	-0.555519479	9.472791037	0.103170834	-0.404836791	0.34989717	0	-2.31584E+77	-2.31584E+77	28.92942103
0.90928875	-0.054740564	-0.039536178	-0.080787289	0.07945485	0.063965136	-0.053783155	0.052041798	-0.016068884	0.213389251	0.213389251	0.213389251	0.317341889	-0.074207068	-0.149384212	-1.448776341	-0.05748171	0.302966531	1.154279063	0.384980259	0.451178453	-0.189339227	2.274911872	0.62086748	0.471235704	0.337959128	-1.67688341	-0.60088864	10.20410899	0.114957529	-0.478966597	0.325947018	0	-2.31584E+77	-2.31584E+77	28.92942103
0.9154988	-0.05613003	-0.037170658	-0.081036955	0.078872863	0.064024859	-0.053414227	0.05106634	-0.017814276	0.206205508	0.206205508	0.206205508	0.330642441	-0.098281169	-0.143148107	-1.447475347	-0.081684436	0.308681917	1.146500332	0.342634475	0.130953516	-0.011120227	2.223822518	0.66765191	0.495254692	0.622326768	-1.871993489	-0.610221972	10.56960625	0.098747541	-0.495405663	0.324691018	0	-2.31584E+77	-2.31584E+77	28.92942103
0.921900362	-0.05672955	-0.036227867	-0.081657449	0.078611632	0.065270553	-0.052535289	0.050765274	-0.020180854	0.199274127	0.199274127	0.199274127	0.328226773	-0.132906157	-0.125278494	-1.453825606	-0.0875244	0.316285726	1.127734246	0.32914735	-0.11191401	0.05183337	2.153755519	0.684782144	0.499331312	0.912035028	-2.063328264	-0.614364578	10.87572871	0.069346131	-0.499085132	0.338614973	0	-2.31584E+77	-2.31584E+77	28.92942103
0.930155963	-0.056063778	-0.036453981	-0.082365889	0.078103323	0.067342787	-0.050778161	0.049924585	-0.022543481	0.190859715	0.190859715	0.190859715	0.306022104	-0.177271672	-0.098330545	-1.459773065	-0.072349293	0.323065425	1.090054305	0.318171634	-0.343022123	0.07289431	2.05609549	0.66626637	0.479535027	1.275773794	-2.282548612	-0.61141331	11.13958394	0.027150933	-0.484654107	0.362397668	0	-2.31584E+77	-2.31584E+77	28.92942103
0.940004898	-0.053836044	-0.038001368	-0.0838351	0.077699418	0.070581699	-0.047829973	0.0487868	-0.022650823	0.181496928	0.181496928	0.181496928	0.258496904	-0.227603699	-0.060935307	-1.465230946	-0.034906872	0.3067315	1.026659231	0.352691485	-0.199992268	-0.073086314	1.925656195	0.591984573	0.413931647	1.700103292	-2.493213956	-0.599898628	11.286019	-0.028578367	-0.445613711	0.395737663	0	-2.31584E+77	-2.31584E+77	28.92942103
0.95	-0.052530431	-0.037191998	-0.084337427	0.076397174	0.073505206	-0.043697385	0.048169962	-0.02134165	0.172399701	0.172399701	0.172399701	0.227139943	-0.278234883	-0.032932795	-1.451986258	-0.024584782	0.285867205	0.937691484	0.451628538	0.333656178	-0.343961211	1.789080008	0.511312189	0.298517837	2.133901103	-2.668129539	-0.602053105	11.26064145	-0.073134845	-0.424773291	0.42156927	0	-2.31584E+77	-2.31584E+77	28.92942103
0.957625662	-0.051912073	-0.035713497	-0.084159822	0.074999113	0.074979379	-0.040661742	0.045831377	-0.02055493	0.166123377	0.166123377	0.166123377	0.212964071	-0.311928985	-0.017334028	-1.434515635	-0.026747219	0.272894553	0.872266966	0.453863081	0.405533056	-0.284477604	1.681412664	0.446201055	0.180194974	2.465734291	-2.766086374	-0.610169952	11.14738508	-0.099427575	-0.418789662	0.432668595	0	-2.31584E+77	-2.31584E+77	28.92942103
0.963505466	-0.04963338	-0.035999435	-0.083449808	0.073381934	0.074906137	-0.038670992	0.043109781	-0.019400917	0.161935991	0.161935991	0.161935991	0.180787662	-0.327079729	-0.01598946	-1.411120503	-0.003913843	0.25934267	0.829305029	0.420596572	0.349533948	-0.168240657	1.611182684	0.368999463	0.090472978	2.709722343	-2.824717136	-0.610213238	11.02776202	-0.106247994	-0.389093924	0.439304704	0	-2.31584E+77	-2.31584E+77	28.92942103
0.970160547	-0.04680667	-0.036567357	-0.082810022	0.071636492	0.074611518	-0.03657171	0.042704329	-0.020889309	0.157646997	0.157646997	0.157646997	0.139895773	-0.333693996	-0.01741363	-1.384016849	0.025084257	0.237397237	0.783963789	0.441013232	0.324699785	-0.248670146	1.532587035	0.276330387	-0.010865679	2.983084597	-2.886361767	-0.610266026	10.83991191	-0.109457502	-0.347619894	0.438868961	0	-2.31584E+77	-2.31584E+77	28.92942103
0.98000011	-0.040599835	-0.040125072	-0.083251513	0.069820026	0.073231534	-0.034893898	0.039961769	-0.018413459	0.152053667	0.152053667	0.152053667	0.044873798	-0.321402174	-0.023402132	-1.350968791	0.103869322	0.176071491	0.747452631	0.417192742	0.414161639	-0.241236363	1.41952262	0.101155807	-0.159002104	3.366603138	-2.923415221	-0.597206678	10.5270966	-0.105941071	-0.242371968	0.432424962	0	-2.31584E+77	-2.31584E+77	28.92942103
0.984701082	-0.037340702	-0.041982271	-0.083906841	0.069087082	0.071435826	-0.034973058	0.026673999	-0.001907223	0.149562768	0.149562768	0.149562768	-0.006070969	-0.306137004	-0.032734403	-1.332698181	0.144055728	0.128812205	0.748846938	0.14023027	0.476791489	0.738497168	1.372115628	0.015565752	-0.225734074	3.542403979	-2.921371347	-0.593545594	10.37171147	-0.095568305	-0.182297303	0.423339851	0	-2.31584E+77	-2.31584E+77	28.92942103
0.990017165	-0.035503828	-0.042704848	-0.084611403	0.068512544	0.071496346	-0.033807152	0.038703674	-0.016001307	0.146618033	0.146618033	0.146618033	-0.041509238	-0.292419755	-0.033685148	-1.321151355	0.166143632	0.096415959	0.723521509	0.431128595	0.670629555	-0.302449837	1.300988125	-0.056454592	-0.312278148	3.751790545	-2.937237002	-0.593905423	10.14061959	-0.094279498	-0.139441411	0.407556499	0	-2.31584E+77	-2.31584E+77	28.92942103
1	-0.03171604	-0.044382262	-0.08638333	0.067541299	0.069769117	-0.033157792	0.036748524	-0.013778403	0.141620167	0.141620167	0.141620167	-0.114679691	-0.256013926	-0.044859534	-1.297049765	0.21258395	0.018896396	0.708865975	0.407101802	0.746136974	-0.167999359	1.176916572	-0.18604578	-0.464499134	4.128914503	-2.936604789	-0.598830699	9.705207258	-0.079642148	-0.046598171	0.372173361	0	-2.31584E+77	-2.31584E+77	28.92942103
1.004164685	-0.029317522	-0.045527162	-0.086436961	0.066606464	0.067865618	-0.033307978	0.030759653	-0.008267756	0.139902749	0.139902749	0.139902749	-0.150522508	-0.232434327	-0.060054959	-1.278059969	0.241433935	-0.009913452	0.711723967	0.257997392	0.51191295	0.375038986	1.140273508	-0.237307001	-0.513103148	4.273926415	-2.925672713	-0.602173891	9.535020426	-0.061279066	0.000943667	0.352117843	0	-2.31584E+77	-2.31584E+77	28.92942103
1.010034181	-0.026730264	-0.047071947	-0.086261535	0.065477831	0.067255154	-0.032431759	0.034604053	-0.015402546	0.137673	0.137673	0.137673	-0.196107284	-0.218229164	-0.067982616	-1.262740499	0.277506199	-0.018923797	0.692481424	0.334876577	0.290797829	0.116327679	1.06569248	-0.309781065	-0.605396393	4.485418869	-2.921638922	-0.596851189	9.249394039	-0.050639907	0.056211753	0.340095123	0	-2.31584E+77	-2.31584E+77	28.92942103
1.020000171	-0.019560012	-0.052694341	-0.085109012	0.063045476	0.064621364	-0.032125732	0.03185055	-0.016509116	0.134747037	0.134747037	0.134747037	-0.306609892	-0.179555336	-0.094293064	-1.233318518	0.383889465	-0.012588051	0.684979698	0.238386649	-0.239613694	0.412733993	0.965746792	-0.446304135	-0.715050978	4.804622484	-2.886995435	-0.572944529	8.800819132	-0.017146244	0.190882769	0.320623016	0	-2.31584E+77	-2.31584E+77	28.92942103
1.025656428	-0.014193617	-0.056877752	-0.083196228	0.060938739	0.062478023	-0.031922039	0.022632868	-0.006700455	0.133715382	0.133715382	0.133715382	-0.383436299	-0.157749736	-0.117596917	-1.208723691	0.461528133	0.014240634	0.680036382	0.032489474	-0.390056477	1.124237793	0.925039709	-0.527344957	-0.751891224	4.963396677	-2.854349034	-0.553445201	8.567453263	0.011203657	0.282914741	0.315892236	0	-2.31584E+77	-2.31584E+77	28.92942103
1.030115706	-0.013015198	-0.058654726	-0.08356749	0.060885291	0.063253104	-0.031898205	0.03168594	-0.017836803	0.132046276	0.132046276	0.132046276	-0.415388502	-0.152569318	-0.111554833	-1.221769752	0.490301705	0.04479735	0.679025869	0.227770646	-0.393670182	0.437095561	0.855544612	-0.562464571	-0.802004491	5.104422309	-2.842632893	-0.541267389	8.343894807	0.007401017	0.321194498	0.312362789	0	-2.31584E+77	-2.31584E+77	28.92942103
1.040000212	-0.010076764	-0.062101764	-0.083152164	0.060004691	0.063856196	-0.032001743	0.033539022	-0.019477636	0.129281085	0.129281085	0.129281085	-0.483957536	-0.141176455	-0.109119754	-1.239656644	0.551095975	0.127572863	0.680010804	0.277955067	-0.296282444	0.358461277	0.723575411	-0.616509457	-0.864693784	5.385475685	-2.806543984	-0.519651672	7.88825107	0.010921812	0.40460212	0.304265147	0	-2.31584E+77	-2.31584E+77	28.92942103
1.046901323	-0.009227472	-0.063165373	-0.082798466	0.059492878	0.064610294	-0.031989733	0.032408257	-0.018412605	0.128035297	0.128035297	0.128035297	-0.512161843	-0.136734269	-0.105118686	-1.255557984	0.573304203	0.193179084	0.678815714	0.254569033	-0.316901014	0.56647293	0.632622088	-0.619165667	-0.877970673	5.564370302	-2.781719651	-0.510232508	7.587648935	0.010600036	0.440860001	0.294210535	0	-2.31584E+77	-2.31584E+77	28.92942103
1.054477688	-0.008322481	-0.064481661	-0.082851061	0.059241332	0.065929535	-0.031954586	0.038395851	-0.027196172	0.127667517	0.127667517	0.127667517	-0.540017727	-0.138647064	-0.096186698	-1.279536415	0.59860202	0.265738046	0.676951583	0.370710914	-0.491668832	0.275397744	0.531247066	-0.613742971	-0.874730407	5.741150814	-2.753850255	-0.488743326	7.257595278	0.005218895	0.474191762	0.28831852	0	-2.31584E+77	-2.31584E+77	28.92942103
1.060660582	-0.006929943	-0.066139471	-0.082854384	0.058994378	0.066738353	-0.03216227	0.038085336	-0.028032867	0.128206476	0.128206476	0.128206476	-0.570337784	-0.148652055	-0.088891133	-1.299608093	0.628344986	0.328052687	0.680365981	0.348275884	-0.657531135	0.434181114	0.452565875	-0.61603593	-0.858294245	5.865741777	-2.725765681	-0.461296034	6.984497535	0.000575495	0.506260972	0.294596639	0	-2.31584E+77	-2.31584E+77	28.92942103
1.070029797	-0.004616345	-0.06936624	-0.084318148	0.059395517	0.069006595	-0.032400683	0.038557333	-0.029892234	0.130551039	0.130551039	0.130551039	-0.620161134	-0.160007934	-0.06560851	-1.343588207	0.681628041	0.410608827	0.683765883	0.341696748	-0.829079572	0.535161903	0.332557786	-0.612725069	-0.7784876	6.008738775	-2.660138659	-0.404988494	6.604506281	-0.021212425	0.558297837	0.302896112	0	-2.31584E+77	-2.31584E+77	28.92942103
1.080000204	-0.003699443	-0.071220821	-0.08702256	0.060435741	0.072747733	-0.031987752	0.039886071	-0.030186901	0.134556006	0.134556006	0.134556006	-0.655735343	-0.182868485	-0.027611569	-1.399578411	0.714466831	0.484340127	0.673106388	0.402166897	-0.581255937	0.420950084	0.199735268	-0.58772813	-0.650455682	6.10842111	-2.56940295	-0.340834754	6.222488457	-0.059631662	0.589671022	0.315670618	0	-2.31584E+77	-2.31584E+77	28.92942103
1.086510942	-0.007077463	-0.069748535	-0.092142568	0.063147455	0.077785957	-0.031655557	0.033353799	-0.019693611	0.136786889	0.136786889	0.136786889	-0.643946508	-0.204226163	0.028645041	-1.468118091	0.688769755	0.498322078	0.664758856	0.307209033	-0.182395299	0.870043803	0.07615358	-0.533995649	-0.552084941	6.153836476	-2.508323345	-0.307462637	6.004846028	-0.119758543	0.569252085	0.317930713	0	-2.31584E+77	-2.31584E+77	28.92942103
1.090516447	-0.007001852	-0.068580349	-0.091009114	0.062264748	0.078424443	-0.030499529	0.040086352	-0.026637138	0.139721565	0.139721565	0.139721565	-0.643210351	-0.228304392	0.029422167	-1.466347683	0.68049777	0.538289134	0.639662292	0.498499689	0.116411861	0.25794367	0.043557088	-0.514026601	-0.492183631	6.160754567	-2.463398622	-0.290854351	5.844070066	-0.118611713	0.560530096	0.330053207	0	-2.31584E+77	-2.31584E+77	28.92942103
1.100000269	-0.010082738	-0.06285107	-0.089340483	0.06108423	0.081915536	-0.027002482	0.043782787	-0.030030766	0.146305621	0.146305621	0.146305621	-0.604903132	-0.301801625	0.055405532	-1.475952023	0.612697642	0.622091497	0.564615773	0.677671725	0.640563239	-0.214559222	-0.061432681	-0.436823335	-0.345981218	6.140670083	-2.350643366	-0.259299027	5.513769787	-0.143731257	0.493401666	0.361124046	0	-2.31584E+77	-2.31584E+77	28.92942103
1.106601314	-0.01630653	-0.058038312	-0.093745556	0.063848044	0.088159332	-0.026073702	0.036809805	-0.022724334	0.148955617	0.148955617	0.148955617	-0.553801675	-0.354123159	0.132469285	-1.552343019	0.537410635	0.66151406	0.544079853	0.534743565	0.584333587	0.333949519	-0.203167416	-0.363820206	-0.242772455	6.10125537	-2.268917962	-0.234873607	5.328683921	-0.227089424	0.416082771	0.378727118	0	-2.31584E+77	-2.31584E+77	28.92942103
1.110388621	-0.01469943	-0.056775055	-0.090398156	0.061572674	0.087502593	-0.023866452	0.039978389	-0.027925399	0.152691153	0.152691153	0.152691153	-0.558750029	-0.380429859	0.116780145	-1.519220989	0.534110243	0.695145818	0.497461929	0.63588313	0.625600451	-0.031924824	-0.20027946	-0.359853439	-0.160845719	6.035976615	-2.19761936	-0.215261391	5.186551236	-0.209162662	0.41132007	0.395334908	0	-2.31584E+77	-2.31584E+77	28.92942103
1.120000128	-0.014069026	-0.05333759	-0.08718674	0.059250176	0.090118116	-0.019211837	0.036158376	-0.029273752	0.159443402	0.159443402	0.159443402	-0.551447064	-0.445308982	0.139224795	-1.503851918	0.506440828	0.768857129	0.399390709	0.577364897	0.259041723	0.058987393	-0.262455089	-0.33897231	0.042451361	5.825313293	-2.011590898	-0.154817886	4.895465176	-0.233919737	0.373947954	0.433548889	0	-2.31584E+77	-2.31584E+77	28.92942103
1.125794316	-0.011040989	-0.052519713	-0.083377311	0.056430643	0.089302392	-0.016149114	0.012231062	-0.005200245	0.163368843	0.163368843	0.163368843	-0.566996662	-0.476194508	0.127750252	-1.459850334	0.514871576	0.796570943	0.33528031	0.052830706	-0.176615439	1.757147409	-0.256264313	-0.353194341	0.177815614	5.639862138	-1.902037173	-0.105122123	4.776683655	-0.222460765	0.375165324	0.456743374	0	-2.31584E+77	-2.31584E+77	28.92942103
1.13003869	-0.009175604	-0.050611869	-0.079060517	0.053548078	0.088198002	-0.012996435	0.029689153	-0.02857303	0.167413692	0.167413692	0.167413692	-0.563196801	-0.488212877	0.099938015	-1.406826024	0.504254155	0.811486808	0.269610273	0.47556802	-0.141781179	0.209758442	-0.224658295	-0.345035964	0.28677718	5.482639129	-1.797723086	-0.091014548	4.621568588	-0.190289511	0.365015256	0.455508645	0	-2.31584E+77	-2.31584E+77	28.92942103
1.14	-0.009996951	-0.044865167	-0.07542254	0.050924184	0.090085721	-0.007346228	0.02443382	-0.026446294	0.172195869	0.172195869	0.172195869	-0.527686719	-0.528039426	0.109431496	-1.3637161	0.442421666	0.825664695	0.152187232	0.424110309	-0.203153986	0.205502235	-0.241968748	-0.315733618	0.489868373	5.073413251	-1.599935511	-0.061718428	4.375344179	-0.19619102	0.302146722	0.460953331	0	-2.31584E+77	-2.31584E+77	28.92942103
1.14289525	-0.011990099	-0.042947209	-0.076736231	0.051728927	0.09253079	-0.006417842	0.003653553	-0.002443513	0.171695043	0.171695043	0.171695043	-0.512169574	-0.550859349	0.144811683	-1.386238818	0.41413252	0.834322642	0.132919174	-0.02983311	-0.325907787	1.720477789	-0.288818098	-0.309997724	0.521597166	4.948535267	-1.564356481	-0.054449383	4.345108197	-0.234123337	0.271908974	0.474580302	0	-2.31584E+77	-2.31584E+77	28.92942103
1.150000354	-0.014256689	-0.037073791	-0.073713184	0.04989638	0.094402619	-0.001916861	0.020100011	-0.024233797	0.174047292	0.174047292	0.174047292	-0.463824418	-0.571787166	0.154088569	-1.353278904	0.341836114	0.841630676	0.039683311	0.403544527	-0.120018623	0.124733944	-0.295371184	-0.272822733	0.639217489	4.586656142	-1.414562444	-0.055354402	4.144924885	-0.237494699	0.203917973	0.463540465	0	-2.31584E+77	-2.31584E+77	28.92942103
1.157028743	-0.019275929	-0.031303193	-0.075235945	0.051018342	0.099591528	0.000853128	-0.00127754	-0.000173593	0.172281952	0.172281952	0.172281952	-0.41437621	-0.614731876	0.225789269	-1.389273183	0.259224054	0.862920861	-0.017660196	-0.033512106	-0.162135711	1.523642396	-0.380602579	-0.251490255	0.690538523	4.205443083	-1.311502425	-0.053832898	4.027566404	-0.309743868	0.12159124	0.480294718	0	-2.31584E+77	-2.31584E+77	28.92942103
1.160195325	-0.019838644	-0.028431842	-0.07253528	0.049459634	0.099665021	0.003310522	0.012743447	-0.017829145	0.173046854	0.173046854	0.173046854	-0.390569597	-0.617908564	0.216912958	-1.356963665	0.225286212	0.864078963	-0.068535547	0.319286077	0.010668072	0.288019138	-0.361750353	-0.234482826	0.7327227	4.008120056	-1.23928892	-0.056964982	3.924656296	-0.295306179	0.091528126	0.46818944	0	-2.31584E+77	-2.31584E+77	28.92942103
1.170000043	-0.022736598	-0.019866206	-0.065813145	0.046179254	0.102683272	0.010459298	0.010494826	-0.017786654	0.170972476	0.170972476	0.170972476	-0.323602834	-0.66416834	0.237096416	-1.300599816	0.116341363	0.906884042	-0.216716243	0.386945719	0.313950091	-0.004855638	-0.364022919	-0.211793698	0.772288171	3.370174023	-1.085374161	-0.060593747	3.714976125	-0.302639016	-0.011919048	0.47428014	0	-2.31584E+77	-2.31584E+77	28.92942103
1.173779357	-0.023474556	-0.016352421	-0.06148367	0.044370796	0.103683612	0.013324925	-0.017095292	0.013241824	0.168610094	0.168610094	0.168610094	-0.297337465	-0.702528458	0.247463537	-1.274248876	0.070494038	0.956119615	-0.276254899	-0.192275343	0.190979811	1.966282188	-0.370525884	-0.213294165	0.744326869	3.115310347	-1.058124286	-0.06625238	3.667161116	-0.307161857	-0.060386342	0.49665101	0	-2.31584E+77	-2.31584E+77	28.92942103
1.180001323	-0.025332901	-0.009834064	-0.055149452	0.041054833	0.103721347	0.018529038	0.008288475	-0.018917006	0.167736202	0.167736202	0.167736202	-0.23708169	-0.707101224	0.223232974	-1.198817812	-0.012248257	0.950148339	-0.38464013	0.461166649	0.556302791	-0.203044997	-0.316586705	-0.173124311	0.754287531	2.663129917	-0.96816561	-0.080957217	3.495642222	-0.264566509	-0.13414179	0.466864427	0	-2.31584E+77	-2.31584E+77	28.92942103
1.187276806	-0.028380521	-0.002688845	-0.049489026	0.03861444	0.10481739	0.022703365	-0.013709115	0.003738895	0.163669051	0.163669051	0.163669051	-0.168210197	-0.72867595	0.229698128	-1.151881266	-0.108847003	0.977443235	-0.472182227	0.013705684	0.357644665	1.397305753	-0.299609115	-0.135790136	0.702637463	2.137017669	-0.927446913	-0.103483395	3.358246944	-0.2511208	-0.230054448	0.452042263	0	-2.31584E+77	-2.31584E+77	28.92942103
1.190191708	-0.029305956	0.000167294	-0.046898749	0.037130219	0.104479428	0.024968109	0.005119845	-0.019697976	0.163357313	0.163357313	0.163357313	-0.138976371	-0.717155309	0.211581929	-1.11289927	-0.144991895	0.95708183	-0.519731976	0.470583773	0.539713412	-0.091504337	-0.261901111	-0.110561514	0.703072596	1.912018477	-0.895480896	-0.109713137	3.278021862	-0.221724921	-0.261055081	0.42451293	0	-2.31584E+77	-2.31584E+77	28.92942103
1.2	-0.030108335	0.007419464	-0.037131576	0.032017653	0.101937124	0.03042871	0.004835595	-0.023762538	0.160055333	0.160055333	0.160055333	-0.066236934	-0.694195305	0.158738775	-0.994278088	-0.234645889	0.945980823	-0.635430721	0.529051661	0.48067472	-0.104140019	-0.148312459	-0.059598743	0.649815584	1.159188104	-0.870792552	-0.113201236	3.167562364	-0.131952876	-0.347150222	0.359778324	0	-2.31584E+77	-2.31584E+77	28.92942103
1.204092861	-0.028514627	0.010110795	-0.029378118	0.02800039	0.097440049	0.032158167	-0.005938369	-0.013176891	0.159440822	0.159440822	0.159440822	-0.036342814	-0.683389369	0.097562636	-0.903402732	-0.263933091	0.954469916	-0.672528142	0.298811288	0.291494062	0.794933121	-0.053892244	-0.038176437	0.616535044	0.842331365	-0.874473281	-0.124525838	3.097193595	-0.048848815	-0.37863177	0.328716047	0	-2.31584E+77	-2.31584E+77	28.92942103
1.210019195	-0.028628341	0.013871645	-0.023515883	0.024551816	0.095001801	0.035836671	0.003611019	-0.027102019	0.159328445	0.159328445	0.159328445	0.007168486	-0.645689298	0.043350579	-0.811085543	-0.308328275	0.907945124	-0.751107854	0.564821746	0.375668776	0.064971801	0.044916681	0.005257577	0.584962152	0.389372068	-0.859117263	-0.136914735	2.924267145	0.032904657	-0.4202692	0.266298504	0	-2.31584E+77	-2.31584E+77	28.92942103
1.22	-0.026612327	0.019407983	-0.009677813	0.016472104	0.086320437	0.041382153	0.002430091	-0.031230659	0.162194777	0.162194777	0.162194777	0.083724581	-0.564968831	-0.10577913	-0.597751485	-0.367856237	0.820697467	-0.870686305	0.599725186	0.200592148	0.300702073	0.277420545	0.093348009	0.520923738	-0.343583615	-0.795358372	-0.204797814	2.261722578	0.239126461	-0.483067019	0.139838004	0	-2.31584E+77	-2.31584E+77	28.92942103
1.224230953	-0.024843062	0.020338325	-0.004719659	0.013127912	0.080851861	0.04238866	-0.006340292	-0.021807183	0.164742469	0.164742469	0.164742469	0.103209777	-0.507087405	-0.184512252	-0.502468462	-0.371242095	0.757822441	-0.893317457	0.416957479	0.131380585	1.00365308	0.396122051	0.127222852	0.512995006	-0.644719651	-0.743906211	-0.175633774	1.936786026	0.343275945	-0.486440489	0.068787568	0	-2.31584E+77	-2.31584E+77	28.92942103
1.230024762	-0.025751142	0.022232272	-0.00348406	0.01168342	0.080919095	0.045956854	-0.000135335	-0.031419175	0.168229869	0.168229869	0.168229869	0.133657776	-0.44441296	-0.214402124	-0.446409027	-0.39226568	0.673458874	-0.970614571	0.616570972	0.260450862	0.44623952	0.458072133	0.17486729	0.47594032	-1.025319799	-0.749435498	-0.144319628	1.764963893	0.398668389	-0.511242425	-0.007984747	0	-2.31584E+77	-2.31584E+77	28.92942103
1.240000178	-0.027575586	0.022365272	-0.008765832	0.012496942	0.083346689	0.049819654	-0.003176928	-0.02934223	0.177296217	0.177296217	0.177296217	0.147549578	-0.309578881	-0.218459288	-0.420750632	-0.385785415	0.492349872	-1.055867052	0.63220809	0.50087244	0.317021653	0.50258431	0.231482998	0.436473663	-1.630122251	-0.671973918	0.093736446	1.399192821	0.438610417	-0.510974927	-0.144559726	0	-2.31584E+77	-2.31584E+77	28.92942103
1.246931879	-0.031260481	0.020832984	-0.021470494	0.017787864	0.091887172	0.051586396	-0.010424955	-0.023155183	0.185981517	0.185981517	0.185981517	0.137411832	-0.214238296	-0.119653735	-0.518066788	-0.365118536	0.368086432	-1.095784815	0.488917263	0.35013794	0.551596862	0.403134028	0.257922211	0.407745681	-2.009533762	-0.354827835	0.374623774	0.374669998	0.352765719	-0.502550405	-0.224168332	0	-2.31584E+77	-2.31584E+77	28.92942103
1.250397644	-0.030923965	0.020536187	-0.021750902	0.017583146	0.095429456	0.055573924	-0.012261043	-0.024275388	0.190103137	0.190103137	0.190103137	0.136061552	-0.190410044	-0.101128763	-0.507970854	-0.358112509	0.343082498	-1.181795432	0.503172131	0.323937898	0.411219364	0.385435406	0.264849238	0.374014156	-2.173032801	-0.292506778	0.424192946	0.080570658	0.344208619	-0.506433258	-0.245265363	0	-2.31584E+77	-2.31584E+77	28.92942103
1.260000163	-0.030300964	0.017524277	-0.028327198	0.020030799	0.109700035	0.065880884	-0.027485789	-0.01586902	0.204510749	0.204510749	0.204510749	0.109400346	-0.109791796	0.021782826	-0.557644613	-0.311001134	0.286715715	-1.405068628	0.292239531	0.04227406	0.578223716	0.240288302	0.271973209	0.284381183	-2.563868308	0.350021787	0.705553457	-2.288927087	0.240597328	-0.494999906	-0.30070278	0	-2.31584E+77	-2.31584E+77	28.92942103
1.266466012	-0.028281003	0.015772068	-0.028384943	0.019715044	0.119581982	0.075470405	-0.054581807	0.010265361	0.216351303	0.216351303	0.216351303	0.094476939	-0.058963918	0.093168816	-0.551999148	-0.281615114	0.281704582	-1.612607982	-0.159934172	0.107024848	1.476572749	0.135334486	0.280759527	0.192611564	-2.733527089	1.248331472	1.063311487	-5.670698419	0.18575085	-0.485915304	-0.334630161	0	-2.31584E+77	-2.31584E+77	28.92942103
1.270342995	-0.024779679	0.016101877	-0.019735203	0.015206687	0.121705773	0.084036896	-0.047856392	-0.004089224	0.222022442	0.222022442	0.222022442	0.103347002	-0.055446266	0.064026228	-0.446135895	-0.279023803	0.293118341	-1.797558666	0.128765222	0.258130313	0.279858008	0.157806295	0.285534605	0.13969837	-2.81153025	1.404241232	1.120222714	-6.378273832	0.234185452	-0.498850499	-0.341784367	0	-2.31584E+77	-2.31584E+77	28.92942103
1.280000613	-0.018646261	0.018695453	0.000553281	0.004193996	0.126404528	0.105340408	-0.063395827	0.003176326	0.237834626	0.237834626	0.237834626	0.135256927	-0.030305492	-0.013829507	-0.16675876	-0.298712586	0.253772821	-2.258241422	0.182848961	1.117058921	-0.939695857	0.18243115	0.310635523	0.023726631	-2.832571759	2.264632188	1.651921191	-9.905121979	0.360502232	-0.528162716	-0.375451462	0	-2.31584E+77	-2.31584E+77	28.92942103
1.287775599	-0.014685459	0.022846591	0.019960904	-0.006614698	0.127379813	0.123352126	-0.076714302	0.005645882	0.24976326	0.24976326	0.24976326	0.177239009	-0.029147596	-0.118229577	0.120000728	-0.341483384	0.174451908	-2.647219373	0.185034136	1.350508489	-1.89764866	0.210896829	0.331275014	-0.03934513	-2.677206778	2.890360052	2.198523616	-12.50687047	0.506595359	-0.564600955	-0.391233731	0	-2.31584E+77	-2.31584E+77	28.92942103
1.29	-0.015550165	0.024376794	0.021646709	-0.008043009	0.13012216	0.128800669	-0.086578094	0.013473562	0.252602735	0.252602735	0.252602735	0.189028374	-0.023474801	-0.116264847	0.171390891	-0.359574134	0.113729078	-2.764601215	0.055166387	1.401552151	-1.757234382	0.191881231	0.342838633	-0.050481587	-2.660855853	2.895339039	2.156153398	-12.61228198	0.509888667	-0.577855568	-0.397926462	0	-2.31584E+77	-2.31584E+77	28.92942103